Test#,File,Comment,Input_1,Input_2,Input_3,Expected_output_1,Max_cycles,Mailboxes_used,Cycles_used,Halted(1)_or_Terminated(0),Outputs
0,0generate_all - Copy.py, COMPILE FAILED
0,0generate_sample - Copy.py, COMPILE FAILED
1,Working.txt,From base 3 to base 8,0, 3, 8,0,5000,99 ,108,1,0
2,Working.txt,From base 5 to base 5,411, 5, 5,411,5000,99 ,384,1,411
3,Working.txt,From base 6 to base 10,210, 6, 10,78,5000,99 ,324,1,78
4,Working.txt,From base 7 to base 6,330, 7, 6,440,5000,99 ,440,1,440
5,Working.txt,From base 8 to base 9,150, 8, 9,125,5000,99 ,305,1,125
6,Working.txt,From base 8 to base 10,264, 8, 10,180,5000,99 ,457,1,180
7,Working.txt,From base 9 to base 9,267, 9, 9,267,5000,99 ,462,1,267
8,Working.txt,From base 9 to base 9,521, 9, 9,521,5000,99 ,669,1,521
9,Working.txt,From base 10 to base 8,171, 10, 8,253,5000,99 ,382,1,253
10,Working.txt,From base 10 to base 10,131, 10, 10,131,5000,99 ,305,1,131
11,Working.txt,From base 10 to base 10,943, 10, 10,943,5000,99 ,1201,1,943
